{
  "namespace": "hud",

  "root_panel": {
    "modifications": [
      {
        "array_name": "controls",
        "operation": "insert_front",
        "value": [
          { "overlay@overlay.overlay_panel": {} },
          { "watermark@hud.watermark": {} }
        ]
      }
    ]
  },

  "watermark": {
    "type": "label",
    "text": "TNT COIN v1.2.0",
    "color": "#FFFFFF",
    "font_size": "small", 
    "alpha": 1,
    "size": ["10%", "5%"],
    "anchor_from": "bottom_left",
    "anchor_to": "bottom_left",
    "offset": ["2%", "-2%"],
    "layer": 2
  }
}