{
	"format_version": "1.10.0",
	"particle_effect": {
		"description": {
			"identifier": "tntcoin:firework_1",
			"basic_render_parameters": {
				"material": "particles_alpha",
				"texture": "textures/tnt-coin/particles/firework_1"
			}
		},
		"components": {
			"minecraft:emitter_rate_instant": {
				"num_particles": 100
			},
			"minecraft:emitter_lifetime_once": {
				"active_time": 1
			},
			"minecraft:emitter_shape_sphere": {
				"radius": 1,
				"direction": "outwards"
			},
			"minecraft:particle_lifetime_expression": {
				"max_lifetime": 2.5
			},
			"minecraft:particle_initial_speed": 3,
			"minecraft:particle_motion_dynamic": {},
			"minecraft:particle_appearance_billboard": {
				"size": ["(1 - variable.particle_age / variable.particle_lifetime) * 0.5", "(1 - variable.particle_age / variable.particle_lifetime) * 0.5"],
				"facing_camera_mode": "rotate_xyz",
				"uv": {
					"texture_width": 16,
					"texture_height": 64,
					"flipbook": {
						"base_UV": [0, 0],
						"size_UV": [16, 16],
						"step_UV": [0, 16],
						"frames_per_second": 15,
						"max_frame": 4,
						"loop": true
					}
				}
			}
		}
	}
}