{
	"format_version": "1.10.0",
	"particle_effect": {
		"description": {
			"identifier": "tntcoin:rain",
			"basic_render_parameters": {
				"material": "particles_alpha",
				"texture": "textures/particle/tntcoin"
			}
		},
		"components": {
			"minecraft:emitter_rate_steady": {
				"spawn_rate": 5000,
				"max_particles": 1000
			},
			"minecraft:emitter_lifetime_looping": {
				"active_time": 4
			},
			"minecraft:emitter_shape_box": {
				"offset": [0, 40, 0],
				"half_dimensions": [20, 0, 20],
				"direction": ["2+Math.random(-1, 1)/2", "-16-Math.random(0, 8)", "Math.random(-1, 1)/2"]
			},
			"minecraft:particle_lifetime_expression": {
				"max_lifetime": 2.7
			},
			"minecraft:particle_expire_if_not_in_blocks": ["minecraft:air"],
			"minecraft:particle_initial_speed": "16+Math.random(1, 20)",
			"minecraft:particle_motion_dynamic": {
				"linear_acceleration": [0, -4, 0]
			},
			"minecraft:particle_appearance_billboard": {
				"size": ["0.1+variable.particle_random_1/8", "0.1+variable.particle_random_1/2"],
				"facing_camera_mode": "lookat_y"
			},
			"minecraft:particle_motion_collision": {
				"collision_radius": 0.1,
				"expire_on_contact": true
			},
			"minecraft:particle_appearance_tinting": {
				"color": [0.9098, 0.96078, 0.1098, 1]
			}
		}
	}
}